PRAGMA foreign_keys=OFF;
BEGIN TRANSACTION;
CREATE TABLE blog_articles (
  article_id integer primary key,
  article_date datetime,
  article_status varchar(12) DEFAULT 'new',
  article_user integer,
  article_category integer,
  article_title varchar(128),
  article_teaser text,
  article_text text,
  article_url varchar(128),
  article_count integer,
  FOREIGN KEY(article_category) REFERENCES blog_categories(category_id),
  FOREIGN KEY(article_user) REFERENCES user_registrations(user_id)
);
INSERT INTO "blog_articles" VALUES(1,'2013-05-29 21:44:19','approved',1,2,'Lorem ipsum dolor sit amet, consectetuer adipiscing elit.','<p>Lorem ipsum dolor sit amet, consectetuer adipiscing elit. Aenean commodo ligula eget dolor. Aenean massa. Cum sociis natoque penatibus et magnis dis parturient montes, nascetur ridiculus mus. Donec quam felis, ultricies nec, pellentesque eu, pretium quis, sem. Nulla consequat massa quis enim. Donec pede justo, fringilla vel, aliquet nec, vulputate eget, arcu.</p>','<p>Lorem ipsum dolor sit amet, consectetuer adipiscing elit. Aenean commodo ligula eget dolor. Aenean massa. Cum sociis natoque penatibus et magnis dis parturient montes, nascetur ridiculus mus. Donec quam felis, ultricies nec, pellentesque eu, pretium quis, sem. Nulla consequat massa quis enim. Donec pede justo, fringilla vel, aliquet nec, vulputate eget, arcu.</p>\n\n<p>In enim justo, rhoncus ut, imperdiet a, venenatis vitae, justo. Nullam dictum felis eu pede mollis pretium. Integer tincidunt. Cras dapibus. Vivamus elementum semper nisi. Aenean vulputate eleifend tellus. Aenean leo ligula, porttitor eu, consequat vitae, eleifend ac, enim. Aliquam lorem ante, dapibus in, viverra quis, feugiat a, tellus.</p>\n\n<p>Phasellus viverra nulla ut metus varius laoreet. Quisque rutrum. Aenean imperdiet. Etiam ultricies nisi vel augue. Curabitur ullamcorper ultricies nisi. Nam eget dui. Etiam rhoncus. Maecenas tempus, tellus eget condimentum rhoncus, sem quam semper libero, sit amet adipiscing sem neque sed ipsum. Nam quam nunc, blandit vel, luctus pulvinar, hendrerit id, lorem. Maecenas nec odio et ante tincidunt tempus. Donec vitae sapien ut libero venenatis faucibus. Nullam quis ante. Etiam sit amet orci eget eros faucibus tincidunt. Duis leo. Sed fringilla mauris sit amet nibh. Donec sodales sagittis magna.</p>','lorem-ipsum-dolor-sit-amet-consectetuer-adipiscing-elit',0);
INSERT INTO "blog_articles" VALUES(2,'2013-05-29 21:45:03','approved',1,1,'Auch gibt es niemanden, der den Schmerz an sich liebt...','<p>Auch gibt es niemanden, der den Schmerz an sich liebt, sucht oder wünscht, nur, weil er Schmerz ist, es sei denn, es kommt zu zufälligen Umständen, in denen Mühen und Schmerz ihm große Freude bereiten können. Um ein triviales Beispiel zu nehmen, wer von uns unterzieht sich je anstrengender körperlicher Betätigung, außer um Vorteile daraus zu ziehen?</p>','<p>Auch gibt es niemanden, der den Schmerz an sich liebt, sucht oder wünscht, nur, weil er Schmerz ist, es sei denn, es kommt zu zufälligen Umständen, in denen Mühen und Schmerz ihm große Freude bereiten können. Um ein triviales Beispiel zu nehmen, wer von uns unterzieht sich je anstrengender körperlicher Betätigung, außer um Vorteile daraus zu ziehen?</p>\n\n<p>Aber wer hat irgend ein Recht, einen Menschen zu tadeln, der die Entscheidung trifft, eine Freude zu genießen, die keine unangenehmen Folgen hat, oder einen, der Schmerz vermeidet, welcher keine daraus resultierende Freude nach sich zieht? Auch gibt es niemanden, der den Schmerz an sich liebt, sucht oder wünscht, nur, weil er Schmerz ist, es sei denn, es kommt zu zufälligen Umständen, in denen Mühen und Schmerz ihm große Freude bereiten können.</p>\n\n<p>Um ein triviales Beispiel zu nehmen, wer von uns unterzieht sich je anstrengender körperlicher Betätigung, außer um Vorteile daraus zu ziehen? Aber wer hat irgend ein Recht, einen Menschen zu tadeln, der die Entscheidung trifft, eine Freude zu genießen, die keine unangenehmen Folgen hat, oder einen, der Schmerz vermeidet, welcher keine daraus resultierende Freude nach sich zieht?</p>','auch-gibt-es-niemanden-der-den-schmerz-an-sich-liebt',0);
INSERT INTO "blog_articles" VALUES(3,'2013-05-29 21:45:33','approved',1,2,'Li Europan lingues es membres del sam familie.','<p>Li Europan lingues es membres del sam familie. Lor separat existentie es un myth. Por scientie, musica, sport etc, litot Europa usa li sam vocabular. Li lingues differe solmen in li grammatica, li pronunciation e li plu commun vocabules. Omnicos directe al desirabilite de un nov lingua franca: On refusa continuar payar custosi traductores.</p>','<p>Li Europan lingues es membres del sam familie. Lor separat existentie es un myth. Por scientie, musica, sport etc, litot Europa usa li sam vocabular. Li lingues differe solmen in li grammatica, li pronunciation e li plu commun vocabules. Omnicos directe al desirabilite de un nov lingua franca: On refusa continuar payar custosi traductores.</p>\n\n<p>At solmen va esser necessi far uniform grammatica, pronunciation e plu sommun paroles. Ma quande lingues coalesce, li grammatica del resultant lingue es plu simplic e regulari quam ti del coalescent lingues. Li nov lingua franca va esser plu simplic e regulari quam li existent Europan lingues.</p>\n\n<p>It va esser tam simplic quam Occidental in fact, it va esser Occidental. A un Angleso it va semblar un simplificat Angles, quam un skeptic Cambridge amico dit me que Occidental es. Li Europan lingues es membres del sam familie. Lor separat existentie es un myth. Por scientie, musica, sport etc, litot Europa usa li sam vocabular. Li lingues differe solmen in li grammatica, li pronunciation e li plu commun vocabules. Omnicos directe al desirabilite de un nov lingua franca: On refusa continuar payar custosi traductores.</p>','li-europan-lingues-es-membres-del-sam-familie',0);
INSERT INTO "blog_articles" VALUES(4,'2013-05-29 21:46:19','approved',1,1,'Weit hinten, hinter den Wortbergen, fern der Länder Vokalien und Konsonantien','<p>Weit hinten, hinter den Wortbergen, fern der Länder Vokalien und Konsonantien leben die Blindtexte. Abgeschieden wohnen Sie in Buchstabhausen an der Küste des Semantik, eines großen Sprachozeans. Ein kleines Bächlein namens Duden fließt durch ihren Ort und versorgt sie mit den nötigen Regelialien.</p>','<p>Weit hinten, hinter den Wortbergen, fern der Länder Vokalien und Konsonantien leben die Blindtexte. Abgeschieden wohnen Sie in Buchstabhausen an der Küste des Semantik, eines großen Sprachozeans. Ein kleines Bächlein namens Duden fließt durch ihren Ort und versorgt sie mit den nötigen Regelialien.</p>\n\n<p>Es ist ein paradiesmatisches Land, in dem einem gebratene Satzteile in den Mund fliegen. Nicht einmal von der allmächtigen Interpunktion werden die Blindtexte beherrscht – ein geradezu unorthographisches Leben. Eines Tages aber beschloß eine kleine Zeile Blindtext, ihr Name war Lorem Ipsum, hinaus zu gehen in die weite Grammatik.</p>\n\n<p>Der große Oxmox riet ihr davon ab, da es dort wimmele von bösen Kommata, wilden Fragezeichen und hinterhältigen Semikoli, doch das Blindtextchen ließ sich nicht beirren. Es packte seine sieben Versalien, schob sich sein Initial in den Gürtel und machte sich auf den Weg. Als es die ersten Hügel des Kursivgebirges erklommen hatte, warf es einen letzten Blick zurück auf die Skyline seiner Heimatstadt Buchstabhausen, die Headline von Alphabetdorf und die Subline seiner eigenen Straße, der Zeilengasse. Wehmütig lief ihm eine rhetorische Frage über die Wange, dann setzte es seinen Weg fort. Unterwegs traf es eine Copy.</p>','weit-hinten-hinter-den-wortbergen-fern-der-laender-vokalien-und-konsonantien',0);
INSERT INTO "blog_articles" VALUES(5,'2013-05-29 21:49:01','approved',3,1,'Eine wunderbare Heiterkeit hat meine ganze Seele eingenommen','<p>Eine wunderbare Heiterkeit hat meine ganze Seele eingenommen, gleich den süßen Frühlingsmorgen, die ich mit ganzem Herzen genieße. Ich bin allein und freue mich meines Lebens in dieser Gegend, die für solche Seelen geschaffen ist wie die meine. Ich bin so glücklich, mein Bester, so ganz in dem Gefühle von ruhigem Dasein versunken, daß meine Kunst darunter leidet.</p>','<p>Eine wunderbare Heiterkeit hat meine ganze Seele eingenommen, gleich den süßen Frühlingsmorgen, die ich mit ganzem Herzen genieße. Ich bin allein und freue mich meines Lebens in dieser Gegend, die für solche Seelen geschaffen ist wie die meine. Ich bin so glücklich, mein Bester, so ganz in dem Gefühle von ruhigem Dasein versunken, daß meine Kunst darunter leidet.</p>\n\n<p>Ich könnte jetzt nicht zeichnen, nicht einen Strich, und bin nie ein größerer Maler gewesen als in diesen Augenblicken.</p>\n\n<p>Wenn das liebe Tal um mich dampft, und die hohe Sonne an der Oberfläche der undurchdringlichen Finsternis meines Waldes ruht, und nur einzelne Strahlen sich in das innere Heiligtum stehlen, ich dann im hohen Grase am fallenden Bache liege, und näher an der Erde tausend mannigfaltige Gräschen mir merkwürdig werden; wenn ich das Wimmeln der kleinen Welt zwischen Halmen, die unzähligen, unergründlichen Gestalten der Würmchen, der Mückchen näher an meinem Herzen fühle, und fühle die Gegenwart des Allmächtigen, der uns nach seinem Bilde schuf, das Wehen des Alliebenden, der uns in ewiger Wonne schwebend trägt und erhält; mein Freund!</p>','eine-wunderbare-heiterkeit-hat-meine-ganze-seele-eingenommen',0);
INSERT INTO "blog_articles" VALUES(6,'2013-05-29 21:49:47','new',3,2,'Jemand musste Josef K. verleumdet haben','<p>Jemand musste Josef K. verleumdet haben, denn ohne dass er etwas Böses getan hätte, wurde er eines Morgens verhaftet. »Wie ein Hund! « sagte er, es war, als sollte die Scham ihn überleben. Als Gregor Samsa eines Morgens aus unruhigen Träumen erwachte, fand er sich in seinem Bett zu einem ungeheueren Ungeziefer verwandelt.</p>','<p>Jemand musste Josef K. verleumdet haben, denn ohne dass er etwas Böses getan hätte, wurde er eines Morgens verhaftet. »Wie ein Hund! « sagte er, es war, als sollte die Scham ihn überleben. Als Gregor Samsa eines Morgens aus unruhigen Träumen erwachte, fand er sich in seinem Bett zu einem ungeheueren Ungeziefer verwandelt.</p>\n\n<p>Und es war ihnen wie eine Bestätigung ihrer neuen Träume und guten Absichten, als am Ziele ihrer Fahrt die Tochter als erste sich erhob und ihren jungen Körper dehnte. »Es ist ein eigentümlicher Apparat«, sagte der Offizier zu dem Forschungsreisenden und überblickte mit einem gewissermaßen bewundernden Blick den ihm doch wohlbekannten Apparat.</p>\n\n<p>Sie hätten noch ins Boot springen können, aber der Reisende hob ein schweres, geknotetes Tau vom Boden, drohte ihnen damit und hielt sie dadurch von dem Sprunge ab. In den letzten Jahrzehnten ist das Interesse an Hungerkünstlern sehr zurückgegangen. Aber sie überwanden sich, umdrängten den Käfig und wollten sich gar nicht fortrühren. Jemand musste Josef K. verleumdet haben, denn ohne dass er etwas Böses getan hätte, wurde er eines Morgens verhaftet. »Wie ein Hund! « sagte er, es war, als sollte die Scham ihn überleben.</p>','jemand-musste-josef-k-verleumdet-haben',0);
INSERT INTO "blog_articles" VALUES(7,'2013-05-29 21:50:18','approved',3,2,'Es gibt im Moment in diese Mannschaft, oh, einige Spieler vergessen ihnen Profi was sie sind.','<p>Es gibt im Moment in diese Mannschaft, oh, einige Spieler vergessen ihnen Profi was sie sind. Ich lese nicht sehr viele Zeitungen, aber ich habe gehört viele Situationen. Erstens: wir haben nicht offensiv gespielt. Es gibt keine deutsche Mannschaft spielt offensiv und die Name offensiv wie Bayern.</p>','<p>Es gibt im Moment in diese Mannschaft, oh, einige Spieler vergessen ihnen Profi was sie sind. Ich lese nicht sehr viele Zeitungen, aber ich habe gehört viele Situationen. Erstens: wir haben nicht offensiv gespielt. Es gibt keine deutsche Mannschaft spielt offensiv und die Name offensiv wie Bayern.</p>\n\n<p>Letzte Spiel hatten wir in Platz drei Spitzen: Elber, Jancka und dann Zickler. Wir müssen nicht vergessen Zickler. Zickler ist eine Spitzen mehr, Mehmet eh mehr Basler. Ist klar diese Wörter, ist möglich verstehen, was ich hab gesagt? Danke. Offensiv, offensiv ist wie machen wir in Platz.</p>\n\n<p>Zweitens: ich habe erklärt mit diese zwei Spieler: nach Dortmund brauchen vielleicht Halbzeit Pause. Ich habe auch andere Mannschaften gesehen in Europa nach diese Mittwoch. Ich habe gesehen auch zwei Tage die Training. Ein Trainer ist nicht ein Idiot! Ein Trainer sei sehen was passieren in Platz. In diese Spiel es waren zwei, drei diese Spieler waren schwach wie eine Flasche leer! Haben Sie gesehen Mittwoch, welche Mannschaft hat gespielt Mittwoch? Hat gespielt Mehmet oder gespielt Basler oder hat gespielt Trapattoni? Diese Spieler beklagen mehr als sie spielen! Wissen Sie, warum die Italienmannschaften kaufen nicht diese Spieler?</p>','es-gibt-im-moment-in-diese-mannschaft-oh-einige-spieler-vergessen-ihnen-profi-was-sie-sind',0);
INSERT INTO "blog_articles" VALUES(8,'2013-05-29 21:51:08','approved',1,1,'Er hörte leise Schritte hinter sich. Das bedeutete nichts Gutes.','<p>Er hörte leise Schritte hinter sich. Das bedeutete nichts Gutes. Wer würde ihm schon folgen, spät in der Nacht und dazu noch in dieser engen Gasse mitten im übel beleumundeten Hafenviertel? Gerade jetzt, wo er das Ding seines Lebens gedreht hatte und mit der Beute verschwinden wollte!</p>','<p>Er hörte leise Schritte hinter sich. Das bedeutete nichts Gutes. Wer würde ihm schon folgen, spät in der Nacht und dazu noch in dieser engen Gasse mitten im übel beleumundeten Hafenviertel? Gerade jetzt, wo er das Ding seines Lebens gedreht hatte und mit der Beute verschwinden wollte!</p>\n\n<p>Hatte einer seiner zahllosen Kollegen dieselbe Idee gehabt, ihn beobachtet und abgewartet, um ihn nun um die Früchte seiner Arbeit zu erleichtern? Oder gehörten die Schritte hinter ihm zu einem der unzähligen Gesetzeshüter dieser Stadt, und die stählerne Acht um seine Handgelenke würde gleich zuschnappen? Er konnte die Aufforderung stehen zu bleiben schon hören.</p>\n\n<p>Gehetzt sah er sich um. Plötzlich erblickte er den schmalen Durchgang. Blitzartig drehte er sich nach rechts und verschwand zwischen den beiden Gebäuden. Beinahe wäre er dabei über den umgestürzten Mülleimer gefallen, der mitten im Weg lag. Er versuchte, sich in der Dunkelheit seinen Weg zu ertasten und erstarrte: Anscheinend gab es keinen anderen Ausweg aus diesem kleinen Hof als den Durchgang, durch den er gekommen war. Die Schritte wurden lauter und lauter, er sah eine dunkle Gestalt um die Ecke biegen. Fieberhaft irrten seine Augen durch die nächtliche Dunkelheit und suchten einen Ausweg.</p>','er-hoerte-leise-schritte-hinter-sich-das-bedeutete-nichts-gutes',0);
CREATE TABLE blog_categories (
  category_id integer primary key,
  category_name varchar(32),
  category_url varchar(32)
);
INSERT INTO "blog_categories" VALUES(1,'Neuigkeiten','neuigkeiten');
INSERT INTO "blog_categories" VALUES(2,'Dies und Das','dies-und-das');
CREATE TABLE user_registrations (
  user_id integer primary key,
  user_date datetime,
  user_group varchar(12) DEFAULT 'reader',
  user_status varchar(12) DEFAULT 'approved',
  user_name varchar(64),
  user_password varchar(32),
  user_email varchar(255),
  user_website varchar(255),
  user_text text,
  user_url varchar(64)
);
INSERT INTO "user_registrations" VALUES(1,'2013-05-29 11:18:39','admin','approved','Admin','cc03e747a6afbbcbf8be7668acfebee5','admin@zf1example.de','http://dev.zf1example.de','<p>Mein Profil ist voller Text!</p>','admina');
INSERT INTO "user_registrations" VALUES(2,'2013-05-28 22:56:45','reader','approved','Reader','cc03e747a6afbbcbf8be7668acfebee5','reader@zf1example.de','http://dev.zf1example.de','<p>Ich will nur lesen. Mehr nicht!</p>','reader');
INSERT INTO "user_registrations" VALUES(3,'2013-05-28 22:56:04','editor','approved','Editor','cc03e747a6afbbcbf8be7668acfebee5','editor@zf1example.de','http://dev.zf1example.de','<p>Ich bin hier der Redakteur</p>','editor');
CREATE TABLE user_sessions (
  session_id varchar(32),
  session_data text,
  session_modified int(11),
  session_lifetime int(11),
  PRIMARY KEY (session_id)
);
CREATE INDEX blog_articles_article_category on blog_articles(article_category);
CREATE INDEX blog_articles_article_user on blog_articles(article_user);
COMMIT;
